{"C": 913.813378010478, "gamma": 0.05118080651295958}