{"nu": 0.21283799505465398, "gamma": 0.02752173838596506}