{"C": 300.3826484133208, "gamma": 0.16711462174856861}