{"C": 572.1149956859019, "gamma": 0.08847922526833374}