{"C": 934.3744502362422, "gamma": 3.6572312318317435}