{"nu": 0.28559467847442677, "gamma": 0.02624209799807792}