{"nu": 0.13138692235047483, "gamma": 0.004300479398474343}