{"C": 926.5289915724452, "gamma": 0.0444991942731778}