{"C": 820.8733416712547, "gamma": 0.1766002752022572}