{"C": 861.3713397304647, "gamma": 0.10887041197218356}