{"C": 937.5413125254792, "gamma": 0.7113763902336867}