{"nu": 0.4634715345480499, "gamma": 0.07714059548426652}