{"C": 984.3043449534716, "gamma": 2.3254963261292243}