{"C": 537.3084887393798, "gamma": 9.420128457071156}