{"nu": 0.014955951777135268, "gamma": 0.005363602693860845}