{"C": 39.716583169689024, "gamma": 0.03768049478851393}