{"C": 937.4830410713942, "gamma": 7.82216190461724}