{"nu": 0.33752010859283255, "gamma": 0.02773079586882241}